{
  "$schema": "http://json-schema.org/schema#",
  "type": "object",
  "properties": {
    "architecture": {
      "type": "string",
      "title": "MongoDB(R) architecture",
      "form": true,
      "description": "Allowed values: `standalone` or `replicaset`"
    },
    "auth": {
      "type": "object",
      "title": "Authentication configuration",
      "form": true,
      "properties": {
        "enabled": {
          "type": "boolean",
          "title": "Enable Authentication",
          "form": true
        },
        "rootPassword": {
          "type": "string",
          "title": "MongoDB(R) admin password",
          "form": true,
          "description": "Defaults to a random 10-character alphanumeric string if not set",
          "hidden": {
            "value": false,
            "path": "auth/enabled"
          }
        },
        "database": {
          "type": "string",
          "title": "MongoDB(R) custom database",
          "description": "Name of the custom database to be created during the 1st initialization of MongoDB(R)",
          "form": true
        },
        "username": {
          "type": "string",
          "title": "MongoDB(R) custom user",
          "description": "Name of the custom user to be created during the 1st initialization of MongoDB(R). This user only has permissions on the MongoDB(R) custom database",
          "form": true
        },
        "password": {
          "type": "string",
          "title": "Password for MongoDB(R) custom user",
          "form": true,
          "description": "Defaults to a random 10-character alphanumeric string if not set",
          "hidden": {
            "value": false,
            "path": "auth/enabled"
          }
        },
        "replicaSetKey": {
          "type": "string",
          "title": "Key used for replica set authentication",
          "form": true,
          "description": "Defaults to a random 10-character alphanumeric string if not set",
          "hidden": {
            "value": "standalone",
            "path": "architecture"
          }
        }
      }
    },
    "replicaCount": {
      "type": "integer",
      "form": true,
      "title": "Number of MongoDB(R) replicas",
      "hidden": {
        "value": "standalone",
        "path": "architecture"
      }
    },
    "configuration": {
      "type": "string",
      "title": "MongoDB(R) Custom Configuration",
      "form": true,
      "render": "textArea"
    },
    "arbiter": {
      "type": "object",
      "title": "Arbiter configuration",
      "form": true,
      "properties": {
        "configuration": {
          "type": "string",
          "title": "Arbiter Custom Configuration",
          "form": true,
          "render": "textArea",
          "hidden": {
            "value": "standalone",
            "path": "architecture"
          }
        }
      }
    },
    "persistence": {
      "type": "object",
      "title": "Persistence configuration",
      "form": true,
      "properties": {
        "enabled": {
          "type": "boolean",
          "form": true,
          "title": "Enable persistence",
          "description": "Enable persistence using Persistent Volume Claims"
        },
        "size": {
          "type": "string",
          "title": "Persistent Volume Size",
          "form": true,
          "render": "slider",
          "sliderMin": 1,
          "sliderMax": 100,
          "sliderUnit": "Gi",
          "hidden": {
            "value": false,
            "path": "persistence/enabled"
          }
        }
      }
    },
    "volumePermissions": {
      "type": "object",
      "hidden": {
        "value": false,
        "path": "persistence/enabled"
      },
      "properties": {
        "enabled": {
          "type": "boolean",
          "form": true,
          "title": "Enable Init Containers",
          "description": "Use an init container to set required folder permissions on the data volume before mounting it in the final destination"
        }
      }
    },
    "metrics": {
      "type": "object",
      "form": true,
      "title": "Prometheus metrics details",
      "properties": {
        "enabled": {
          "type": "boolean",
          "title": "Create Prometheus metrics exporter",
          "description": "Create a side-car container to expose Prometheus metrics",
          "form": true
        },
        "serviceMonitor": {
          "type": "object",
          "properties": {
            "enabled": {
              "type": "boolean",
              "title": "Create Prometheus Operator ServiceMonitor",
              "description": "Create a ServiceMonitor to track metrics using Prometheus Operator",
              "form": true,
              "hidden": {
                "value": false,
                "path": "metrics/enabled"
              }
            }
          }
        }
      }
    }
  }
}
